order_id,order_date,product_id,product_name,brand,category,selling_price,discount_pct,gmv,size,units_sold
ORD100001,12-05-2026,41420655,Ribbed Cotton Vest Top,H&M,Sleeveless Top,376,55,376,S,1
ORD100002,04-06-2026,36808299,Women Peplum Top,ZYNG,Peplum Top,421,67,421,L,3
ORD100003,14-05-2026,41893855,Cotton Halterneck Top,H&M,Halter Top,711,0,711,S,3
ORD100004,18-05-2026,41420655,Ribbed Cotton Vest Top,H&M,Sleeveless Top,339,55,339,M,3
ORD100005,18-05-2026,41893855,Cotton Halterneck Top,H&M,Halter Top,729,0,729,L,3
ORD100006,19-05-2026,37531587,Ethnic Cotton Top,KALAMIR,Ethnic Top,722,68,722,S,3
ORD100007,05-06-2026,36731315,Sweetheart Neck Cotton Crop Top,Burgstudio9,Crop Top,423,60,423,L,3
ORD100008,20-05-2026,32713027,Floral Printed Empire Top,QUIERO,Floral Top,621,69,621,XL,1
ORD100009,15-05-2026,32713027,Floral Printed Empire Top,QUIERO,Floral Top,613,69,613,S,1
ORD100010,31-05-2026,32713027,Floral Printed Empire Top,QUIERO,Floral Top,636,69,636,S,2
ORD100011,29-05-2026,32548904,Tie-Up Fitted Crop Top,glitchez,Crop Top,258,60,258,XL,2
ORD100012,29-05-2026,41420655,Ribbed Cotton Vest Top,H&M,Sleeveless Top,344,55,344,M,2
ORD100013,30-05-2026,32713027,Floral Printed Empire Top,QUIERO,Floral Top,626,69,626,S,2
ORD100014,05-06-2026,27373772,Crepe Shirt Style Top,DL Woman,Shirt Style Top,508,81,508,S,1
ORD100015,08-06-2026,27373772,Crepe Shirt Style Top,DL Woman,Shirt Style Top,488,81,488,S,3
ORD100016,17-05-2026,32713027,Floral Printed Empire Top,QUIERO,Floral Top,650,69,650,S,3
ORD100017,03-06-2026,36147207,V-Neck Wrap Draped Top,SZN,Wrap Top,405,66,405,M,2
ORD100018,01-06-2026,33822490,Checked Cotton Top,Roadster,Casual Top,520,69,520,L,2
ORD100019,26-05-2026,36808299,Women Peplum Top,ZYNG,Peplum Top,446,67,446,XXL,1
ORD100020,19-05-2026,41893855,Cotton Halterneck Top,H&M,Halter Top,724,0,724,L,3
ORD100021,19-05-2026,36731315,Sweetheart Neck Cotton Crop Top,Burgstudio9,Crop Top,424,60,424,L,1
ORD100022,20-05-2026,37531587,Ethnic Cotton Top,KALAMIR,Ethnic Top,666,68,666,XL,2
ORD100023,09-06-2026,33822490,Checked Cotton Top,Roadster,Casual Top,581,69,581,S,1
ORD100024,24-05-2026,32548904,Tie-Up Fitted Crop Top,glitchez,Crop Top,300,60,300,M,2
ORD100025,20-05-2026,36808299,Women Peplum Top,ZYNG,Peplum Top,424,67,424,L,1
ORD100026,20-05-2026,41893855,Cotton Halterneck Top,H&M,Halter Top,733,0,733,M,1
ORD100027,24-05-2026,33822490,Checked Cotton Top,Roadster,Casual Top,541,69,541,XXL,3
ORD100028,28-05-2026,36808299,Women Peplum Top,ZYNG,Peplum Top,457,67,457,L,1
ORD100029,16-05-2026,41420655,Ribbed Cotton Vest Top,H&M,Sleeveless Top,368,55,368,L,1
ORD100030,31-05-2026,37531587,Ethnic Cotton Top,KALAMIR,Ethnic Top,666,68,666,M,1
ORD100031,28-05-2026,32548904,Tie-Up Fitted Crop Top,glitchez,Crop Top,265,60,265,M,2
ORD100032,02-06-2026,36731315,Sweetheart Neck Cotton Crop Top,Burgstudio9,Crop Top,416,60,416,L,3
ORD100033,05-06-2026,41893855,Cotton Halterneck Top,H&M,Halter Top,666,0,666,M,1
ORD100034,21-05-2026,41420655,Ribbed Cotton Vest Top,H&M,Sleeveless Top,354,55,354,M,1
ORD100035,28-05-2026,36147207,V-Neck Wrap Draped Top,SZN,Wrap Top,392,66,392,M,2
ORD100036,08-06-2026,41420655,Ribbed Cotton Vest Top,H&M,Sleeveless Top,367,55,367,L,3
ORD100037,31-05-2026,41893855,Cotton Halterneck Top,H&M,Halter Top,656,0,656,M,1
ORD100038,29-05-2026,36808299,Women Peplum Top,ZYNG,Peplum Top,499,67,499,XL,3
ORD100039,31-05-2026,36731315,Sweetheart Neck Cotton Crop Top,Burgstudio9,Crop Top,384,60,384,XS,1
ORD100040,09-06-2026,32713027,Floral Printed Empire Top,QUIERO,Floral Top,732,69,732,L,1
ORD100041,13-05-2026,27373772,Crepe Shirt Style Top,DL Woman,Shirt Style Top,503,81,503,M,3
ORD100042,14-05-2026,41420655,Ribbed Cotton Vest Top,H&M,Sleeveless Top,375,55,375,L,1
ORD100043,05-06-2026,41893855,Cotton Halterneck Top,H&M,Halter Top,646,0,646,M,1
ORD100044,17-05-2026,41893855,Cotton Halterneck Top,H&M,Halter Top,666,0,666,L,2
ORD100045,18-05-2026,37531587,Ethnic Cotton Top,KALAMIR,Ethnic Top,792,68,792,L,1
ORD100046,03-06-2026,27373772,Crepe Shirt Style Top,DL Woman,Shirt Style Top,511,81,511,XXL,2
ORD100047,26-05-2026,32713027,Floral Printed Empire Top,QUIERO,Floral Top,721,69,721,M,2
ORD100048,19-05-2026,27373772,Crepe Shirt Style Top,DL Woman,Shirt Style Top,484,81,484,XS,1
ORD100049,19-05-2026,41893855,Cotton Halterneck Top,H&M,Halter Top,711,0,711,XS,2
ORD100050,19-05-2026,36731315,Sweetheart Neck Cotton Crop Top,Burgstudio9,Crop Top,364,60,364,S,3
ORD100051,14-05-2026,32713027,Floral Printed Empire Top,QUIERO,Floral Top,669,69,669,S,3
ORD100052,18-05-2026,32548904,Tie-Up Fitted Crop Top,glitchez,Crop Top,281,60,281,L,2
ORD100053,30-05-2026,33822490,Checked Cotton Top,Roadster,Casual Top,553,69,553,L,3
ORD100054,18-05-2026,37531587,Ethnic Cotton Top,KALAMIR,Ethnic Top,670,68,670,M,3
ORD100055,25-05-2026,32713027,Floral Printed Empire Top,QUIERO,Floral Top,656,69,656,L,2
ORD100056,02-06-2026,36731315,Sweetheart Neck Cotton Crop Top,Burgstudio9,Crop Top,411,60,411,M,3
ORD100057,24-05-2026,36731315,Sweetheart Neck Cotton Crop Top,Burgstudio9,Crop Top,417,60,417,L,2
ORD100058,19-05-2026,41420655,Ribbed Cotton Vest Top,H&M,Sleeveless Top,336,55,336,M,3
ORD100059,25-05-2026,36808299,Women Peplum Top,ZYNG,Peplum Top,429,67,429,M,1
ORD100060,26-05-2026,41420655,Ribbed Cotton Vest Top,H&M,Sleeveless Top,381,55,381,L,1
ORD100061,13-05-2026,41420655,Ribbed Cotton Vest Top,H&M,Sleeveless Top,369,55,369,M,3
ORD100062,14-05-2026,36731315,Sweetheart Neck Cotton Crop Top,Burgstudio9,Crop Top,433,60,433,L,2
ORD100063,25-05-2026,36808299,Women Peplum Top,ZYNG,Peplum Top,456,67,456,S,1
ORD100064,09-06-2026,37531587,Ethnic Cotton Top,KALAMIR,Ethnic Top,665,68,665,M,1
ORD100065,20-05-2026,37531587,Ethnic Cotton Top,KALAMIR,Ethnic Top,792,68,792,L,1
ORD100066,25-05-2026,36147207,V-Neck Wrap Draped Top,SZN,Wrap Top,387,66,387,L,2
ORD100067,02-06-2026,41893855,Cotton Halterneck Top,H&M,Halter Top,729,0,729,S,1
ORD100068,18-05-2026,36147207,V-Neck Wrap Draped Top,SZN,Wrap Top,407,66,407,M,3
ORD100069,13-05-2026,41893855,Cotton Halterneck Top,H&M,Halter Top,733,0,733,S,3
ORD100070,27-05-2026,33822490,Checked Cotton Top,Roadster,Casual Top,557,69,557,L,1
ORD100071,13-05-2026,36808299,Women Peplum Top,ZYNG,Peplum Top,500,67,500,S,2
ORD100072,14-05-2026,36808299,Women Peplum Top,ZYNG,Peplum Top,466,67,466,L,2
ORD100073,24-05-2026,27373772,Crepe Shirt Style Top,DL Woman,Shirt Style Top,490,81,490,XL,2
ORD100074,30-05-2026,27373772,Crepe Shirt Style Top,DL Woman,Shirt Style Top,541,81,541,M,3
ORD100075,02-06-2026,37531587,Ethnic Cotton Top,KALAMIR,Ethnic Top,742,68,742,M,3
ORD100076,18-05-2026,36147207,V-Neck Wrap Draped Top,SZN,Wrap Top,385,66,385,M,2
ORD100077,24-05-2026,36147207,V-Neck Wrap Draped Top,SZN,Wrap Top,345,66,345,M,3
ORD100078,22-05-2026,32548904,Tie-Up Fitted Crop Top,glitchez,Crop Top,302,60,302,XL,2
ORD100079,26-05-2026,36731315,Sweetheart Neck Cotton Crop Top,Burgstudio9,Crop Top,408,60,408,M,3
ORD100080,14-05-2026,41420655,Ribbed Cotton Vest Top,H&M,Sleeveless Top,361,55,361,M,1
ORD100081,10-06-2026,36808299,Women Peplum Top,ZYNG,Peplum Top,444,67,444,S,1
ORD100082,23-05-2026,27373772,Crepe Shirt Style Top,DL Woman,Shirt Style Top,508,81,508,M,1
ORD100083,03-06-2026,41893855,Cotton Halterneck Top,H&M,Halter Top,671,0,671,XXL,2
ORD100084,12-05-2026,41893855,Cotton Halterneck Top,H&M,Halter Top,722,0,722,M,3
ORD100085,09-06-2026,41420655,Ribbed Cotton Vest Top,H&M,Sleeveless Top,332,55,332,S,2
ORD100086,04-06-2026,41420655,Ribbed Cotton Vest Top,H&M,Sleeveless Top,362,55,362,S,3
ORD100087,18-05-2026,33822490,Checked Cotton Top,Roadster,Casual Top,581,69,581,S,1
ORD100088,28-05-2026,36147207,V-Neck Wrap Draped Top,SZN,Wrap Top,372,66,372,XL,2
ORD100089,14-05-2026,36731315,Sweetheart Neck Cotton Crop Top,Burgstudio9,Crop Top,409,60,409,L,1
ORD100090,12-05-2026,36731315,Sweetheart Neck Cotton Crop Top,Burgstudio9,Crop Top,385,60,385,S,3
ORD100091,17-05-2026,36147207,V-Neck Wrap Draped Top,SZN,Wrap Top,390,66,390,M,1
ORD100092,29-05-2026,37531587,Ethnic Cotton Top,KALAMIR,Ethnic Top,658,68,658,S,1
ORD100093,29-05-2026,36808299,Women Peplum Top,ZYNG,Peplum Top,415,67,415,M,2
ORD100094,16-05-2026,41893855,Cotton Halterneck Top,H&M,Halter Top,689,0,689,S,3
ORD100095,09-06-2026,32713027,Floral Printed Empire Top,QUIERO,Floral Top,725,69,725,XXL,3
ORD100096,09-06-2026,36731315,Sweetheart Neck Cotton Crop Top,Burgstudio9,Crop Top,387,60,387,L,3
ORD100097,23-05-2026,41420655,Ribbed Cotton Vest Top,H&M,Sleeveless Top,379,55,379,XL,1
ORD100098,31-05-2026,37531587,Ethnic Cotton Top,KALAMIR,Ethnic Top,766,68,766,XL,1
ORD100099,08-06-2026,27373772,Crepe Shirt Style Top,DL Woman,Shirt Style Top,495,81,495,L,2
ORD100100,09-06-2026,36808299,Women Peplum Top,ZYNG,Peplum Top,449,67,449,S,3
ORD100101,06-06-2026,32713027,Floral Printed Empire Top,QUIERO,Floral Top,725,69,725,L,2
ORD100102,20-05-2026,27373772,Crepe Shirt Style Top,DL Woman,Shirt Style Top,494,81,494,L,1
ORD100103,08-06-2026,37531587,Ethnic Cotton Top,KALAMIR,Ethnic Top,662,68,662,M,3
ORD100104,07-06-2026,27373772,Crepe Shirt Style Top,DL Woman,Shirt Style Top,575,81,575,M,2
ORD100105,19-05-2026,27373772,Crepe Shirt Style Top,DL Woman,Shirt Style Top,480,81,480,S,1
ORD100106,20-05-2026,32713027,Floral Printed Empire Top,QUIERO,Floral Top,716,69,716,XL,2
ORD100107,23-05-2026,36147207,V-Neck Wrap Draped Top,SZN,Wrap Top,383,66,383,M,1
ORD100108,22-05-2026,41893855,Cotton Halterneck Top,H&M,Halter Top,760,0,760,S,2
ORD100109,17-05-2026,36147207,V-Neck Wrap Draped Top,SZN,Wrap Top,379,66,379,XXL,2
ORD100110,15-05-2026,36731315,Sweetheart Neck Cotton Crop Top,Burgstudio9,Crop Top,406,60,406,M,3
ORD100111,25-05-2026,32713027,Floral Printed Empire Top,QUIERO,Floral Top,682,69,682,M,2
ORD100112,09-06-2026,37531587,Ethnic Cotton Top,KALAMIR,Ethnic Top,741,68,741,S,1
ORD100113,12-05-2026,37531587,Ethnic Cotton Top,KALAMIR,Ethnic Top,732,68,732,L,3
ORD100114,23-05-2026,27373772,Crepe Shirt Style Top,DL Woman,Shirt Style Top,523,81,523,XL,3
ORD100115,31-05-2026,32713027,Floral Printed Empire Top,QUIERO,Floral Top,643,69,643,L,1
ORD100116,28-05-2026,36147207,V-Neck Wrap Draped Top,SZN,Wrap Top,358,66,358,M,3
ORD100117,03-06-2026,37531587,Ethnic Cotton Top,KALAMIR,Ethnic Top,700,68,700,S,2
ORD100118,02-06-2026,37531587,Ethnic Cotton Top,KALAMIR,Ethnic Top,794,68,794,L,2
ORD100119,31-05-2026,36808299,Women Peplum Top,ZYNG,Peplum Top,464,67,464,M,1
ORD100120,21-05-2026,36731315,Sweetheart Neck Cotton Crop Top,Burgstudio9,Crop Top,381,60,381,M,1
ORD100121,31-05-2026,33822490,Checked Cotton Top,Roadster,Casual Top,574,69,574,M,2
ORD100122,02-06-2026,32548904,Tie-Up Fitted Crop Top,glitchez,Crop Top,263,60,263,M,2
ORD100123,02-06-2026,36808299,Women Peplum Top,ZYNG,Peplum Top,419,67,419,M,3
ORD100124,22-05-2026,33822490,Checked Cotton Top,Roadster,Casual Top,511,69,511,XL,1
ORD100125,02-06-2026,27373772,Crepe Shirt Style Top,DL Woman,Shirt Style Top,510,81,510,L,3
ORD100126,12-05-2026,36808299,Women Peplum Top,ZYNG,Peplum Top,416,67,416,XXL,3
ORD100127,08-06-2026,33822490,Checked Cotton Top,Roadster,Casual Top,586,69,586,M,1
ORD100128,18-05-2026,33822490,Checked Cotton Top,Roadster,Casual Top,581,69,581,M,1
ORD100129,19-05-2026,37531587,Ethnic Cotton Top,KALAMIR,Ethnic Top,678,68,678,L,2
ORD100130,05-06-2026,41420655,Ribbed Cotton Vest Top,H&M,Sleeveless Top,353,55,353,S,1
ORD100131,26-05-2026,41893855,Cotton Halterneck Top,H&M,Halter Top,636,0,636,S,3
ORD100132,26-05-2026,41420655,Ribbed Cotton Vest Top,H&M,Sleeveless Top,332,55,332,M,3
ORD100133,29-05-2026,41893855,Cotton Halterneck Top,H&M,Halter Top,712,0,712,XL,1
ORD100134,31-05-2026,32548904,Tie-Up Fitted Crop Top,glitchez,Crop Top,296,60,296,XL,2
ORD100135,07-06-2026,37531587,Ethnic Cotton Top,KALAMIR,Ethnic Top,789,68,789,M,3
ORD100136,04-06-2026,36808299,Women Peplum Top,ZYNG,Peplum Top,491,67,491,M,3
ORD100137,07-06-2026,27373772,Crepe Shirt Style Top,DL Woman,Shirt Style Top,545,81,545,L,1
ORD100138,27-05-2026,41893855,Cotton Halterneck Top,H&M,Halter Top,716,0,716,S,3
ORD100139,03-06-2026,41420655,Ribbed Cotton Vest Top,H&M,Sleeveless Top,343,55,343,S,3
ORD100140,09-06-2026,32713027,Floral Printed Empire Top,QUIERO,Floral Top,673,69,673,S,1
ORD100141,24-05-2026,27373772,Crepe Shirt Style Top,DL Woman,Shirt Style Top,551,81,551,L,2
ORD100142,25-05-2026,41420655,Ribbed Cotton Vest Top,H&M,Sleeveless Top,352,55,352,M,1
ORD100143,13-05-2026,37531587,Ethnic Cotton Top,KALAMIR,Ethnic Top,687,68,687,M,1
ORD100144,03-06-2026,33822490,Checked Cotton Top,Roadster,Casual Top,503,69,503,XL,3
ORD100145,24-05-2026,33822490,Checked Cotton Top,Roadster,Casual Top,554,69,554,XL,2
ORD100146,05-06-2026,36147207,V-Neck Wrap Draped Top,SZN,Wrap Top,364,66,364,XL,2
ORD100147,29-05-2026,37531587,Ethnic Cotton Top,KALAMIR,Ethnic Top,766,68,766,M,1
ORD100148,09-06-2026,33822490,Checked Cotton Top,Roadster,Casual Top,525,69,525,S,3
ORD100149,27-05-2026,37531587,Ethnic Cotton Top,KALAMIR,Ethnic Top,661,68,661,M,2
ORD100150,04-06-2026,37531587,Ethnic Cotton Top,KALAMIR,Ethnic Top,681,68,681,M,2
ORD100151,31-05-2026,36808299,Women Peplum Top,ZYNG,Peplum Top,461,67,461,XL,2
ORD100152,30-05-2026,33822490,Checked Cotton Top,Roadster,Casual Top,575,69,575,S,3
ORD100153,16-05-2026,37531587,Ethnic Cotton Top,KALAMIR,Ethnic Top,783,68,783,S,2
ORD100154,24-05-2026,36147207,V-Neck Wrap Draped Top,SZN,Wrap Top,360,66,360,M,1
ORD100155,05-06-2026,32713027,Floral Printed Empire Top,QUIERO,Floral Top,718,69,718,S,3
ORD100156,20-05-2026,37531587,Ethnic Cotton Top,KALAMIR,Ethnic Top,778,68,778,M,2
ORD100157,13-05-2026,41893855,Cotton Halterneck Top,H&M,Halter Top,768,0,768,M,3
ORD100158,05-06-2026,41420655,Ribbed Cotton Vest Top,H&M,Sleeveless Top,391,55,391,S,3
ORD100159,19-05-2026,36731315,Sweetheart Neck Cotton Crop Top,Burgstudio9,Crop Top,375,60,375,XS,3
ORD100160,19-05-2026,36808299,Women Peplum Top,ZYNG,Peplum Top,423,67,423,L,3
ORD100161,18-05-2026,33822490,Checked Cotton Top,Roadster,Casual Top,553,69,553,S,1
ORD100162,17-05-2026,32713027,Floral Printed Empire Top,QUIERO,Floral Top,682,69,682,XL,1
ORD100163,05-06-2026,41420655,Ribbed Cotton Vest Top,H&M,Sleeveless Top,381,55,381,XL,2
ORD100164,30-05-2026,41420655,Ribbed Cotton Vest Top,H&M,Sleeveless Top,324,55,324,M,2
ORD100165,24-05-2026,37531587,Ethnic Cotton Top,KALAMIR,Ethnic Top,794,68,794,S,2
ORD100166,03-06-2026,33822490,Checked Cotton Top,Roadster,Casual Top,593,69,593,S,2
ORD100167,08-06-2026,36147207,V-Neck Wrap Draped Top,SZN,Wrap Top,386,66,386,L,3
ORD100168,06-06-2026,33822490,Checked Cotton Top,Roadster,Casual Top,505,69,505,M,1
ORD100169,14-05-2026,32713027,Floral Printed Empire Top,QUIERO,Floral Top,668,69,668,M,3
ORD100170,07-06-2026,37531587,Ethnic Cotton Top,KALAMIR,Ethnic Top,728,68,728,M,3
ORD100171,01-06-2026,32713027,Floral Printed Empire Top,QUIERO,Floral Top,720,69,720,M,2
ORD100172,25-05-2026,36808299,Women Peplum Top,ZYNG,Peplum Top,428,67,428,M,3
ORD100173,31-05-2026,36147207,V-Neck Wrap Draped Top,SZN,Wrap Top,395,66,395,M,1
ORD100174,26-05-2026,32548904,Tie-Up Fitted Crop Top,glitchez,Crop Top,275,60,275,L,2
ORD100175,22-05-2026,36147207,V-Neck Wrap Draped Top,SZN,Wrap Top,399,66,399,L,2
ORD100176,20-05-2026,41420655,Ribbed Cotton Vest Top,H&M,Sleeveless Top,386,55,386,S,2
ORD100177,30-05-2026,32548904,Tie-Up Fitted Crop Top,glitchez,Crop Top,285,60,285,M,1
ORD100178,27-05-2026,36731315,Sweetheart Neck Cotton Crop Top,Burgstudio9,Crop Top,427,60,427,S,3
ORD100179,23-05-2026,27373772,Crepe Shirt Style Top,DL Woman,Shirt Style Top,562,81,562,M,1
ORD100180,03-06-2026,33822490,Checked Cotton Top,Roadster,Casual Top,599,69,599,M,3
ORD100181,18-05-2026,41893855,Cotton Halterneck Top,H&M,Halter Top,641,0,641,L,2
ORD100182,29-05-2026,32548904,Tie-Up Fitted Crop Top,glitchez,Crop Top,293,60,293,L,3
ORD100183,26-05-2026,32548904,Tie-Up Fitted Crop Top,glitchez,Crop Top,295,60,295,S,3
ORD100184,24-05-2026,27373772,Crepe Shirt Style Top,DL Woman,Shirt Style Top,551,81,551,S,1
ORD100185,23-05-2026,33822490,Checked Cotton Top,Roadster,Casual Top,554,69,554,M,1
ORD100186,04-06-2026,37531587,Ethnic Cotton Top,KALAMIR,Ethnic Top,737,68,737,M,1
ORD100187,20-05-2026,32548904,Tie-Up Fitted Crop Top,glitchez,Crop Top,268,60,268,S,1
ORD100188,22-05-2026,27373772,Crepe Shirt Style Top,DL Woman,Shirt Style Top,490,81,490,M,3
ORD100189,18-05-2026,36808299,Women Peplum Top,ZYNG,Peplum Top,432,67,432,M,3
ORD100190,05-06-2026,33822490,Checked Cotton Top,Roadster,Casual Top,559,69,559,S,3
ORD100191,07-06-2026,41420655,Ribbed Cotton Vest Top,H&M,Sleeveless Top,337,55,337,S,2
ORD100192,21-05-2026,36808299,Women Peplum Top,ZYNG,Peplum Top,413,67,413,M,1
ORD100193,13-05-2026,36147207,V-Neck Wrap Draped Top,SZN,Wrap Top,408,66,408,M,3
ORD100194,01-06-2026,36808299,Women Peplum Top,ZYNG,Peplum Top,491,67,491,M,3
ORD100195,30-05-2026,36731315,Sweetheart Neck Cotton Crop Top,Burgstudio9,Crop Top,381,60,381,M,1
ORD100196,17-05-2026,32713027,Floral Printed Empire Top,QUIERO,Floral Top,730,69,730,S,1
ORD100197,15-05-2026,32548904,Tie-Up Fitted Crop Top,glitchez,Crop Top,296,60,296,M,3
ORD100198,30-05-2026,41420655,Ribbed Cotton Vest Top,H&M,Sleeveless Top,368,55,368,S,3
ORD100199,06-06-2026,36808299,Women Peplum Top,ZYNG,Peplum Top,463,67,463,S,2
ORD100200,15-05-2026,27373772,Crepe Shirt Style Top,DL Woman,Shirt Style Top,537,81,537,M,2
ORD100201,06-06-2026,33822490,Checked Cotton Top,Roadster,Casual Top,570,69,570,L,2
ORD100202,26-05-2026,37531587,Ethnic Cotton Top,KALAMIR,Ethnic Top,789,68,789,S,3
ORD100203,25-05-2026,33822490,Checked Cotton Top,Roadster,Casual Top,535,69,535,M,2
ORD100204,04-06-2026,33822490,Checked Cotton Top,Roadster,Casual Top,512,69,512,L,2
ORD100205,20-05-2026,27373772,Crepe Shirt Style Top,DL Woman,Shirt Style Top,548,81,548,S,1
ORD100206,29-05-2026,36808299,Women Peplum Top,ZYNG,Peplum Top,419,67,419,XS,2
ORD100207,03-06-2026,32548904,Tie-Up Fitted Crop Top,glitchez,Crop Top,284,60,284,S,1
ORD100208,21-05-2026,27373772,Crepe Shirt Style Top,DL Woman,Shirt Style Top,552,81,552,L,2
ORD100209,14-05-2026,32548904,Tie-Up Fitted Crop Top,glitchez,Crop Top,289,60,289,XL,3
ORD100210,02-06-2026,33822490,Checked Cotton Top,Roadster,Casual Top,590,69,590,S,2
ORD100211,29-05-2026,41420655,Ribbed Cotton Vest Top,H&M,Sleeveless Top,339,55,339,S,3
ORD100212,07-06-2026,36147207,V-Neck Wrap Draped Top,SZN,Wrap Top,346,66,346,S,3
ORD100213,31-05-2026,36147207,V-Neck Wrap Draped Top,SZN,Wrap Top,391,66,391,M,3
ORD100214,26-05-2026,36147207,V-Neck Wrap Draped Top,SZN,Wrap Top,344,66,344,L,2
ORD100215,20-05-2026,37531587,Ethnic Cotton Top,KALAMIR,Ethnic Top,730,68,730,M,1
ORD100216,31-05-2026,41420655,Ribbed Cotton Vest Top,H&M,Sleeveless Top,325,55,325,M,2
ORD100217,31-05-2026,32713027,Floral Printed Empire Top,QUIERO,Floral Top,634,69,634,S,2
ORD100218,30-05-2026,33822490,Checked Cotton Top,Roadster,Casual Top,607,69,607,XXL,2
ORD100219,30-05-2026,36147207,V-Neck Wrap Draped Top,SZN,Wrap Top,338,66,338,L,1
ORD100220,28-05-2026,32548904,Tie-Up Fitted Crop Top,glitchez,Crop Top,287,60,287,XL,3
ORD100221,30-05-2026,36808299,Women Peplum Top,ZYNG,Peplum Top,452,67,452,L,1
ORD100222,27-05-2026,41420655,Ribbed Cotton Vest Top,H&M,Sleeveless Top,348,55,348,M,1
ORD100223,08-06-2026,41420655,Ribbed Cotton Vest Top,H&M,Sleeveless Top,334,55,334,M,1
ORD100224,21-05-2026,32548904,Tie-Up Fitted Crop Top,glitchez,Crop Top,288,60,288,M,1
ORD100225,13-05-2026,41893855,Cotton Halterneck Top,H&M,Halter Top,692,0,692,M,3
ORD100226,15-05-2026,32713027,Floral Printed Empire Top,QUIERO,Floral Top,730,69,730,M,2
ORD100227,07-06-2026,41893855,Cotton Halterneck Top,H&M,Halter Top,767,0,767,M,2
ORD100228,26-05-2026,41893855,Cotton Halterneck Top,H&M,Halter Top,686,0,686,S,1
ORD100229,31-05-2026,32713027,Floral Printed Empire Top,QUIERO,Floral Top,702,69,702,M,2
ORD100230,18-05-2026,36731315,Sweetheart Neck Cotton Crop Top,Burgstudio9,Crop Top,380,60,380,S,2
ORD100231,26-05-2026,36147207,V-Neck Wrap Draped Top,SZN,Wrap Top,401,66,401,M,1
ORD100232,01-06-2026,36731315,Sweetheart Neck Cotton Crop Top,Burgstudio9,Crop Top,407,60,407,S,2
ORD100233,21-05-2026,36808299,Women Peplum Top,ZYNG,Peplum Top,462,67,462,M,1
ORD100234,19-05-2026,41420655,Ribbed Cotton Vest Top,H&M,Sleeveless Top,394,55,394,XL,1
ORD100235,15-05-2026,32548904,Tie-Up Fitted Crop Top,glitchez,Crop Top,287,60,287,S,3
ORD100236,28-05-2026,36147207,V-Neck Wrap Draped Top,SZN,Wrap Top,388,66,388,M,1
ORD100237,27-05-2026,32548904,Tie-Up Fitted Crop Top,glitchez,Crop Top,264,60,264,M,2
ORD100238,18-05-2026,37531587,Ethnic Cotton Top,KALAMIR,Ethnic Top,791,68,791,M,2
ORD100239,08-06-2026,36808299,Women Peplum Top,ZYNG,Peplum Top,418,67,418,L,1
ORD100240,22-05-2026,37531587,Ethnic Cotton Top,KALAMIR,Ethnic Top,793,68,793,M,1
ORD100241,21-05-2026,36731315,Sweetheart Neck Cotton Crop Top,Burgstudio9,Crop Top,417,60,417,L,2
ORD100242,02-06-2026,33822490,Checked Cotton Top,Roadster,Casual Top,555,69,555,S,2
ORD100243,27-05-2026,41893855,Cotton Halterneck Top,H&M,Halter Top,677,0,677,M,2
ORD100244,24-05-2026,41893855,Cotton Halterneck Top,H&M,Halter Top,692,0,692,M,1
ORD100245,03-06-2026,27373772,Crepe Shirt Style Top,DL Woman,Shirt Style Top,503,81,503,M,2
ORD100246,13-05-2026,37531587,Ethnic Cotton Top,KALAMIR,Ethnic Top,703,68,703,M,2
ORD100247,24-05-2026,37531587,Ethnic Cotton Top,KALAMIR,Ethnic Top,801,68,801,L,1
ORD100248,27-05-2026,36808299,Women Peplum Top,ZYNG,Peplum Top,500,67,500,S,3
ORD100249,22-05-2026,33822490,Checked Cotton Top,Roadster,Casual Top,598,69,598,L,2
ORD100250,15-05-2026,32548904,Tie-Up Fitted Crop Top,glitchez,Crop Top,280,60,280,M,2
ORD100251,25-05-2026,36808299,Women Peplum Top,ZYNG,Peplum Top,491,67,491,XL,3
ORD100252,27-05-2026,41420655,Ribbed Cotton Vest Top,H&M,Sleeveless Top,379,55,379,S,3
ORD100253,03-06-2026,33822490,Checked Cotton Top,Roadster,Casual Top,545,69,545,S,1
ORD100254,08-06-2026,32713027,Floral Printed Empire Top,QUIERO,Floral Top,691,69,691,M,2
ORD100255,01-06-2026,32713027,Floral Printed Empire Top,QUIERO,Floral Top,697,69,697,L,1
ORD100256,13-05-2026,41893855,Cotton Halterneck Top,H&M,Halter Top,715,0,715,S,1
ORD100257,19-05-2026,36147207,V-Neck Wrap Draped Top,SZN,Wrap Top,391,66,391,M,2
ORD100258,05-06-2026,41420655,Ribbed Cotton Vest Top,H&M,Sleeveless Top,368,55,368,L,3
ORD100259,17-05-2026,32548904,Tie-Up Fitted Crop Top,glitchez,Crop Top,289,60,289,XL,1
ORD100260,22-05-2026,36731315,Sweetheart Neck Cotton Crop Top,Burgstudio9,Crop Top,422,60,422,S,1
ORD100261,25-05-2026,32713027,Floral Printed Empire Top,QUIERO,Floral Top,620,69,620,M,3
ORD100262,02-06-2026,33822490,Checked Cotton Top,Roadster,Casual Top,589,69,589,S,2
ORD100263,31-05-2026,41420655,Ribbed Cotton Vest Top,H&M,Sleeveless Top,385,55,385,M,2
ORD100264,27-05-2026,27373772,Crepe Shirt Style Top,DL Woman,Shirt Style Top,574,81,574,S,1
ORD100265,01-06-2026,32548904,Tie-Up Fitted Crop Top,glitchez,Crop Top,265,60,265,S,1
ORD100266,09-06-2026,36731315,Sweetheart Neck Cotton Crop Top,Burgstudio9,Crop Top,423,60,423,XL,2
ORD100267,17-05-2026,41893855,Cotton Halterneck Top,H&M,Halter Top,639,0,639,XL,3
ORD100268,21-05-2026,33822490,Checked Cotton Top,Roadster,Casual Top,572,69,572,M,2
ORD100269,26-05-2026,36147207,V-Neck Wrap Draped Top,SZN,Wrap Top,398,66,398,S,3
ORD100270,08-06-2026,37531587,Ethnic Cotton Top,KALAMIR,Ethnic Top,727,68,727,S,3
ORD100271,23-05-2026,33822490,Checked Cotton Top,Roadster,Casual Top,565,69,565,XXL,1
ORD100272,12-05-2026,36147207,V-Neck Wrap Draped Top,SZN,Wrap Top,408,66,408,M,2
ORD100273,12-05-2026,36147207,V-Neck Wrap Draped Top,SZN,Wrap Top,377,66,377,L,2
ORD100274,10-06-2026,36731315,Sweetheart Neck Cotton Crop Top,Burgstudio9,Crop Top,407,60,407,M,1
ORD100275,05-06-2026,36147207,V-Neck Wrap Draped Top,SZN,Wrap Top,395,66,395,M,1
ORD100276,19-05-2026,32713027,Floral Printed Empire Top,QUIERO,Floral Top,686,69,686,M,3
ORD100277,01-06-2026,36808299,Women Peplum Top,ZYNG,Peplum Top,421,67,421,M,1
ORD100278,21-05-2026,36731315,Sweetheart Neck Cotton Crop Top,Burgstudio9,Crop Top,422,60,422,S,3
ORD100279,04-06-2026,32713027,Floral Printed Empire Top,QUIERO,Floral Top,618,69,618,XL,1
ORD100280,04-06-2026,32713027,Floral Printed Empire Top,QUIERO,Floral Top,656,69,656,S,3
ORD100281,09-06-2026,41893855,Cotton Halterneck Top,H&M,Halter Top,764,0,764,M,1
ORD100282,07-06-2026,36147207,V-Neck Wrap Draped Top,SZN,Wrap Top,347,66,347,XL,1
ORD100283,06-06-2026,32548904,Tie-Up Fitted Crop Top,glitchez,Crop Top,267,60,267,L,3
ORD100284,26-05-2026,41420655,Ribbed Cotton Vest Top,H&M,Sleeveless Top,392,55,392,S,3
ORD100285,08-06-2026,27373772,Crepe Shirt Style Top,DL Woman,Shirt Style Top,549,81,549,L,3
ORD100286,08-06-2026,37531587,Ethnic Cotton Top,KALAMIR,Ethnic Top,774,68,774,M,1
ORD100287,12-05-2026,37531587,Ethnic Cotton Top,KALAMIR,Ethnic Top,695,68,695,S,3
ORD100288,02-06-2026,32713027,Floral Printed Empire Top,QUIERO,Floral Top,701,69,701,S,3
ORD100289,07-06-2026,37531587,Ethnic Cotton Top,KALAMIR,Ethnic Top,750,68,750,M,3
ORD100290,27-05-2026,27373772,Crepe Shirt Style Top,DL Woman,Shirt Style Top,480,81,480,XL,3
ORD100291,22-05-2026,41893855,Cotton Halterneck Top,H&M,Halter Top,757,0,757,S,3
ORD100292,01-06-2026,41420655,Ribbed Cotton Vest Top,H&M,Sleeveless Top,382,55,382,XL,2
ORD100293,01-06-2026,36147207,V-Neck Wrap Draped Top,SZN,Wrap Top,366,66,366,S,1
ORD100294,21-05-2026,36731315,Sweetheart Neck Cotton Crop Top,Burgstudio9,Crop Top,438,60,438,S,2
ORD100295,09-06-2026,27373772,Crepe Shirt Style Top,DL Woman,Shirt Style Top,534,81,534,M,1
ORD100296,02-06-2026,32713027,Floral Printed Empire Top,QUIERO,Floral Top,728,69,728,L,3
ORD100297,25-05-2026,41893855,Cotton Halterneck Top,H&M,Halter Top,711,0,711,L,3
ORD100298,01-06-2026,37531587,Ethnic Cotton Top,KALAMIR,Ethnic Top,671,68,671,M,2
ORD100299,20-05-2026,37531587,Ethnic Cotton Top,KALAMIR,Ethnic Top,661,68,661,M,1
ORD100300,26-05-2026,32548904,Tie-Up Fitted Crop Top,glitchez,Crop Top,304,60,304,L,3
ORD100301,02-06-2026,41420655,Ribbed Cotton Vest Top,H&M,Sleeveless Top,349,55,349,XL,3
ORD100302,13-05-2026,32713027,Floral Printed Empire Top,QUIERO,Floral Top,654,69,654,S,3
ORD100303,08-06-2026,41420655,Ribbed Cotton Vest Top,H&M,Sleeveless Top,382,55,382,S,2
ORD100304,01-06-2026,27373772,Crepe Shirt Style Top,DL Woman,Shirt Style Top,545,81,545,XXL,3
ORD100305,06-06-2026,36731315,Sweetheart Neck Cotton Crop Top,Burgstudio9,Crop Top,385,60,385,XXL,3
ORD100306,18-05-2026,33822490,Checked Cotton Top,Roadster,Casual Top,508,69,508,L,1
ORD100307,30-05-2026,27373772,Crepe Shirt Style Top,DL Woman,Shirt Style Top,500,81,500,L,1
ORD100308,05-06-2026,32713027,Floral Printed Empire Top,QUIERO,Floral Top,620,69,620,XL,3
ORD100309,20-05-2026,36731315,Sweetheart Neck Cotton Crop Top,Burgstudio9,Crop Top,427,60,427,S,3
ORD100310,29-05-2026,36808299,Women Peplum Top,ZYNG,Peplum Top,435,67,435,S,1
ORD100311,16-05-2026,36731315,Sweetheart Neck Cotton Crop Top,Burgstudio9,Crop Top,360,60,360,L,2
ORD100312,30-05-2026,27373772,Crepe Shirt Style Top,DL Woman,Shirt Style Top,512,81,512,S,2
ORD100313,16-05-2026,36731315,Sweetheart Neck Cotton Crop Top,Burgstudio9,Crop Top,418,60,418,M,2
ORD100314,27-05-2026,41420655,Ribbed Cotton Vest Top,H&M,Sleeveless Top,355,55,355,M,3
ORD100315,15-05-2026,33822490,Checked Cotton Top,Roadster,Casual Top,551,69,551,S,1
ORD100316,13-05-2026,33822490,Checked Cotton Top,Roadster,Casual Top,582,69,582,XL,3
ORD100317,21-05-2026,41893855,Cotton Halterneck Top,H&M,Halter Top,693,0,693,XL,2
ORD100318,27-05-2026,36731315,Sweetheart Neck Cotton Crop Top,Burgstudio9,Crop Top,426,60,426,M,2
ORD100319,27-05-2026,41420655,Ribbed Cotton Vest Top,H&M,Sleeveless Top,374,55,374,M,1
ORD100320,22-05-2026,41420655,Ribbed Cotton Vest Top,H&M,Sleeveless Top,366,55,366,S,3
ORD100321,31-05-2026,36147207,V-Neck Wrap Draped Top,SZN,Wrap Top,382,66,382,M,2
ORD100322,24-05-2026,32713027,Floral Printed Empire Top,QUIERO,Floral Top,734,69,734,M,2
ORD100323,28-05-2026,32548904,Tie-Up Fitted Crop Top,glitchez,Crop Top,284,60,284,S,3
ORD100324,08-06-2026,41420655,Ribbed Cotton Vest Top,H&M,Sleeveless Top,370,55,370,L,2
ORD100325,04-06-2026,41893855,Cotton Halterneck Top,H&M,Halter Top,750,0,750,M,2
ORD100326,25-05-2026,27373772,Crepe Shirt Style Top,DL Woman,Shirt Style Top,513,81,513,M,3
ORD100327,04-06-2026,37531587,Ethnic Cotton Top,KALAMIR,Ethnic Top,670,68,670,M,2
ORD100328,23-05-2026,36147207,V-Neck Wrap Draped Top,SZN,Wrap Top,406,66,406,L,2
ORD100329,14-05-2026,32548904,Tie-Up Fitted Crop Top,glitchez,Crop Top,256,60,256,S,2
ORD100330,15-05-2026,37531587,Ethnic Cotton Top,KALAMIR,Ethnic Top,765,68,765,M,1
ORD100331,29-05-2026,36808299,Women Peplum Top,ZYNG,Peplum Top,417,67,417,XL,3
ORD100332,22-05-2026,41893855,Cotton Halterneck Top,H&M,Halter Top,722,0,722,M,1
ORD100333,08-06-2026,37531587,Ethnic Cotton Top,KALAMIR,Ethnic Top,790,68,790,S,2
ORD100334,31-05-2026,36147207,V-Neck Wrap Draped Top,SZN,Wrap Top,359,66,359,S,3
ORD100335,18-05-2026,41893855,Cotton Halterneck Top,H&M,Halter Top,650,0,650,M,2
ORD100336,23-05-2026,41420655,Ribbed Cotton Vest Top,H&M,Sleeveless Top,383,55,383,M,3
ORD100337,30-05-2026,36147207,V-Neck Wrap Draped Top,SZN,Wrap Top,352,66,352,M,2
ORD100338,05-06-2026,41893855,Cotton Halterneck Top,H&M,Halter Top,743,0,743,M,1
ORD100339,12-05-2026,41893855,Cotton Halterneck Top,H&M,Halter Top,714,0,714,M,2
ORD100340,12-05-2026,36147207,V-Neck Wrap Draped Top,SZN,Wrap Top,349,66,349,L,1
ORD100341,10-06-2026,36147207,V-Neck Wrap Draped Top,SZN,Wrap Top,361,66,361,XS,1
ORD100342,30-05-2026,36808299,Women Peplum Top,ZYNG,Peplum Top,472,67,472,S,3
ORD100343,14-05-2026,36731315,Sweetheart Neck Cotton Crop Top,Burgstudio9,Crop Top,418,60,418,S,3
ORD100344,26-05-2026,37531587,Ethnic Cotton Top,KALAMIR,Ethnic Top,706,68,706,M,2
ORD100345,05-06-2026,32713027,Floral Printed Empire Top,QUIERO,Floral Top,726,69,726,M,3
ORD100346,16-05-2026,36731315,Sweetheart Neck Cotton Crop Top,Burgstudio9,Crop Top,371,60,371,M,3
ORD100347,20-05-2026,41420655,Ribbed Cotton Vest Top,H&M,Sleeveless Top,354,55,354,M,1
ORD100348,26-05-2026,33822490,Checked Cotton Top,Roadster,Casual Top,547,69,547,S,1
ORD100349,15-05-2026,41893855,Cotton Halterneck Top,H&M,Halter Top,677,0,677,S,2
ORD100350,27-05-2026,33822490,Checked Cotton Top,Roadster,Casual Top,560,69,560,S,1
ORD100351,24-05-2026,27373772,Crepe Shirt Style Top,DL Woman,Shirt Style Top,582,81,582,S,3
ORD100352,21-05-2026,27373772,Crepe Shirt Style Top,DL Woman,Shirt Style Top,578,81,578,L,3
ORD100353,21-05-2026,36147207,V-Neck Wrap Draped Top,SZN,Wrap Top,360,66,360,XS,3
ORD100354,17-05-2026,37531587,Ethnic Cotton Top,KALAMIR,Ethnic Top,675,68,675,M,2
ORD100355,28-05-2026,27373772,Crepe Shirt Style Top,DL Woman,Shirt Style Top,537,81,537,L,2
ORD100356,14-05-2026,32713027,Floral Printed Empire Top,QUIERO,Floral Top,654,69,654,L,1
ORD100357,12-05-2026,37531587,Ethnic Cotton Top,KALAMIR,Ethnic Top,724,68,724,S,1
ORD100358,30-05-2026,32713027,Floral Printed Empire Top,QUIERO,Floral Top,658,69,658,M,1
ORD100359,21-05-2026,37531587,Ethnic Cotton Top,KALAMIR,Ethnic Top,673,68,673,XS,3
ORD100360,17-05-2026,32713027,Floral Printed Empire Top,QUIERO,Floral Top,708,69,708,M,3
ORD100361,14-05-2026,32713027,Floral Printed Empire Top,QUIERO,Floral Top,659,69,659,S,1
ORD100362,30-05-2026,37531587,Ethnic Cotton Top,KALAMIR,Ethnic Top,715,68,715,S,3
ORD100363,04-06-2026,36147207,V-Neck Wrap Draped Top,SZN,Wrap Top,361,66,361,M,3
ORD100364,14-05-2026,36808299,Women Peplum Top,ZYNG,Peplum Top,458,67,458,S,3
ORD100365,18-05-2026,41893855,Cotton Halterneck Top,H&M,Halter Top,755,0,755,M,2
ORD100366,19-05-2026,36808299,Women Peplum Top,ZYNG,Peplum Top,421,67,421,S,3
ORD100367,31-05-2026,36808299,Women Peplum Top,ZYNG,Peplum Top,426,67,426,L,2
ORD100368,17-05-2026,41420655,Ribbed Cotton Vest Top,H&M,Sleeveless Top,391,55,391,M,1
ORD100369,05-06-2026,32548904,Tie-Up Fitted Crop Top,glitchez,Crop Top,282,60,282,M,3
ORD100370,01-06-2026,33822490,Checked Cotton Top,Roadster,Casual Top,572,69,572,M,2
ORD100371,16-05-2026,32713027,Floral Printed Empire Top,QUIERO,Floral Top,659,69,659,M,1
ORD100372,06-06-2026,36147207,V-Neck Wrap Draped Top,SZN,Wrap Top,356,66,356,S,2
ORD100373,14-05-2026,41893855,Cotton Halterneck Top,H&M,Halter Top,672,0,672,M,2
ORD100374,23-05-2026,36731315,Sweetheart Neck Cotton Crop Top,Burgstudio9,Crop Top,425,60,425,S,1
ORD100375,31-05-2026,41420655,Ribbed Cotton Vest Top,H&M,Sleeveless Top,365,55,365,M,2
ORD100376,29-05-2026,33822490,Checked Cotton Top,Roadster,Casual Top,607,69,607,L,1
ORD100377,26-05-2026,36731315,Sweetheart Neck Cotton Crop Top,Burgstudio9,Crop Top,431,60,431,M,1
ORD100378,22-05-2026,27373772,Crepe Shirt Style Top,DL Woman,Shirt Style Top,542,81,542,M,3
ORD100379,26-05-2026,36731315,Sweetheart Neck Cotton Crop Top,Burgstudio9,Crop Top,367,60,367,XL,3
ORD100380,03-06-2026,32713027,Floral Printed Empire Top,QUIERO,Floral Top,612,69,612,M,1
ORD100381,19-05-2026,36731315,Sweetheart Neck Cotton Crop Top,Burgstudio9,Crop Top,415,60,415,XXL,3
ORD100382,28-05-2026,41893855,Cotton Halterneck Top,H&M,Halter Top,714,0,714,M,2
ORD100383,24-05-2026,36147207,V-Neck Wrap Draped Top,SZN,Wrap Top,366,66,366,M,2
ORD100384,13-05-2026,33822490,Checked Cotton Top,Roadster,Casual Top,589,69,589,M,3
ORD100385,22-05-2026,41420655,Ribbed Cotton Vest Top,H&M,Sleeveless Top,329,55,329,L,1
ORD100386,20-05-2026,36147207,V-Neck Wrap Draped Top,SZN,Wrap Top,389,66,389,M,3
ORD100387,08-06-2026,33822490,Checked Cotton Top,Roadster,Casual Top,518,69,518,S,2
ORD100388,10-06-2026,36808299,Women Peplum Top,ZYNG,Peplum Top,444,67,444,XL,1
ORD100389,16-05-2026,37531587,Ethnic Cotton Top,KALAMIR,Ethnic Top,743,68,743,XL,1
ORD100390,29-05-2026,36147207,V-Neck Wrap Draped Top,SZN,Wrap Top,363,66,363,L,2
ORD100391,02-06-2026,36808299,Women Peplum Top,ZYNG,Peplum Top,476,67,476,XL,2
ORD100392,14-05-2026,41893855,Cotton Halterneck Top,H&M,Halter Top,719,0,719,M,1
ORD100393,12-05-2026,32713027,Floral Printed Empire Top,QUIERO,Floral Top,649,69,649,S,2
ORD100394,22-05-2026,27373772,Crepe Shirt Style Top,DL Woman,Shirt Style Top,578,81,578,M,1
ORD100395,16-05-2026,27373772,Crepe Shirt Style Top,DL Woman,Shirt Style Top,494,81,494,S,3
ORD100396,28-05-2026,41420655,Ribbed Cotton Vest Top,H&M,Sleeveless Top,378,55,378,L,3
ORD100397,13-05-2026,41893855,Cotton Halterneck Top,H&M,Halter Top,721,0,721,L,3
ORD100398,16-05-2026,33822490,Checked Cotton Top,Roadster,Casual Top,567,69,567,S,2
ORD100399,07-06-2026,36808299,Women Peplum Top,ZYNG,Peplum Top,475,67,475,M,3
ORD100400,04-06-2026,36808299,Women Peplum Top,ZYNG,Peplum Top,452,67,452,M,1
ORD100401,26-05-2026,27373772,Crepe Shirt Style Top,DL Woman,Shirt Style Top,542,81,542,L,2
ORD100402,19-05-2026,32548904,Tie-Up Fitted Crop Top,glitchez,Crop Top,280,60,280,S,3
ORD100403,09-06-2026,32548904,Tie-Up Fitted Crop Top,glitchez,Crop Top,297,60,297,M,3
ORD100404,26-05-2026,33822490,Checked Cotton Top,Roadster,Casual Top,552,69,552,S,3
ORD100405,28-05-2026,37531587,Ethnic Cotton Top,KALAMIR,Ethnic Top,734,68,734,XL,3
ORD100406,06-06-2026,27373772,Crepe Shirt Style Top,DL Woman,Shirt Style Top,542,81,542,L,1
ORD100407,01-06-2026,36731315,Sweetheart Neck Cotton Crop Top,Burgstudio9,Crop Top,397,60,397,M,2
ORD100408,03-06-2026,41420655,Ribbed Cotton Vest Top,H&M,Sleeveless Top,383,55,383,L,1
ORD100409,14-05-2026,36147207,V-Neck Wrap Draped Top,SZN,Wrap Top,392,66,392,S,1
ORD100410,16-05-2026,41893855,Cotton Halterneck Top,H&M,Halter Top,745,0,745,S,3
ORD100411,07-06-2026,27373772,Crepe Shirt Style Top,DL Woman,Shirt Style Top,525,81,525,M,1
ORD100412,25-05-2026,36731315,Sweetheart Neck Cotton Crop Top,Burgstudio9,Crop Top,363,60,363,M,2
ORD100413,24-05-2026,27373772,Crepe Shirt Style Top,DL Woman,Shirt Style Top,583,81,583,M,3
ORD100414,22-05-2026,36731315,Sweetheart Neck Cotton Crop Top,Burgstudio9,Crop Top,433,60,433,L,1
ORD100415,06-06-2026,32713027,Floral Printed Empire Top,QUIERO,Floral Top,620,69,620,S,3
ORD100416,03-06-2026,32548904,Tie-Up Fitted Crop Top,glitchez,Crop Top,297,60,297,L,2
ORD100417,26-05-2026,32548904,Tie-Up Fitted Crop Top,glitchez,Crop Top,285,60,285,XL,1
ORD100418,20-05-2026,36731315,Sweetheart Neck Cotton Crop Top,Burgstudio9,Crop Top,376,60,376,S,1
ORD100419,28-05-2026,33822490,Checked Cotton Top,Roadster,Casual Top,548,69,548,L,2
ORD100420,21-05-2026,27373772,Crepe Shirt Style Top,DL Woman,Shirt Style Top,490,81,490,S,2
ORD100421,26-05-2026,33822490,Checked Cotton Top,Roadster,Casual Top,508,69,508,L,1
ORD100422,31-05-2026,32548904,Tie-Up Fitted Crop Top,glitchez,Crop Top,281,60,281,M,3
ORD100423,19-05-2026,33822490,Checked Cotton Top,Roadster,Casual Top,581,69,581,S,1
ORD100424,31-05-2026,36731315,Sweetheart Neck Cotton Crop Top,Burgstudio9,Crop Top,387,60,387,M,3
ORD100425,02-06-2026,36808299,Women Peplum Top,ZYNG,Peplum Top,473,67,473,M,2
ORD100426,14-05-2026,32713027,Floral Printed Empire Top,QUIERO,Floral Top,728,69,728,M,1
ORD100427,29-05-2026,41893855,Cotton Halterneck Top,H&M,Halter Top,631,0,631,L,1
ORD100428,01-06-2026,36731315,Sweetheart Neck Cotton Crop Top,Burgstudio9,Crop Top,389,60,389,M,3
ORD100429,23-05-2026,36731315,Sweetheart Neck Cotton Crop Top,Burgstudio9,Crop Top,422,60,422,M,3
ORD100430,05-06-2026,41420655,Ribbed Cotton Vest Top,H&M,Sleeveless Top,364,55,364,L,1
ORD100431,13-05-2026,36808299,Women Peplum Top,ZYNG,Peplum Top,444,67,444,M,3
ORD100432,07-06-2026,36808299,Women Peplum Top,ZYNG,Peplum Top,483,67,483,M,3
ORD100433,01-06-2026,32548904,Tie-Up Fitted Crop Top,glitchez,Crop Top,261,60,261,S,3
ORD100434,13-05-2026,32548904,Tie-Up Fitted Crop Top,glitchez,Crop Top,267,60,267,S,1
ORD100435,09-06-2026,27373772,Crepe Shirt Style Top,DL Woman,Shirt Style Top,482,81,482,XL,1
ORD100436,24-05-2026,41893855,Cotton Halterneck Top,H&M,Halter Top,767,0,767,M,2
ORD100437,13-05-2026,36147207,V-Neck Wrap Draped Top,SZN,Wrap Top,391,66,391,S,3
ORD100438,08-06-2026,32713027,Floral Printed Empire Top,QUIERO,Floral Top,705,69,705,L,2
ORD100439,20-05-2026,32713027,Floral Printed Empire Top,QUIERO,Floral Top,617,69,617,M,1
ORD100440,04-06-2026,37531587,Ethnic Cotton Top,KALAMIR,Ethnic Top,721,68,721,XL,3
ORD100441,17-05-2026,32713027,Floral Printed Empire Top,QUIERO,Floral Top,667,69,667,M,3
ORD100442,20-05-2026,41893855,Cotton Halterneck Top,H&M,Halter Top,741,0,741,L,2
ORD100443,25-05-2026,41420655,Ribbed Cotton Vest Top,H&M,Sleeveless Top,366,55,366,L,3
ORD100444,21-05-2026,41893855,Cotton Halterneck Top,H&M,Halter Top,674,0,674,S,1
ORD100445,21-05-2026,36147207,V-Neck Wrap Draped Top,SZN,Wrap Top,368,66,368,L,2
ORD100446,03-06-2026,36808299,Women Peplum Top,ZYNG,Peplum Top,452,67,452,M,1
ORD100447,31-05-2026,32713027,Floral Printed Empire Top,QUIERO,Floral Top,734,69,734,S,3
ORD100448,14-05-2026,36731315,Sweetheart Neck Cotton Crop Top,Burgstudio9,Crop Top,412,60,412,M,1
ORD100449,06-06-2026,41893855,Cotton Halterneck Top,H&M,Halter Top,733,0,733,S,1
ORD100450,16-05-2026,36731315,Sweetheart Neck Cotton Crop Top,Burgstudio9,Crop Top,426,60,426,L,3
ORD100451,13-05-2026,32548904,Tie-Up Fitted Crop Top,glitchez,Crop Top,258,60,258,S,3
ORD100452,23-05-2026,32713027,Floral Printed Empire Top,QUIERO,Floral Top,652,69,652,M,1
ORD100453,16-05-2026,33822490,Checked Cotton Top,Roadster,Casual Top,576,69,576,XL,2
ORD100454,26-05-2026,32713027,Floral Printed Empire Top,QUIERO,Floral Top,703,69,703,M,2
ORD100455,23-05-2026,41893855,Cotton Halterneck Top,H&M,Halter Top,684,0,684,M,3
ORD100456,15-05-2026,27373772,Crepe Shirt Style Top,DL Woman,Shirt Style Top,480,81,480,S,3
ORD100457,24-05-2026,41893855,Cotton Halterneck Top,H&M,Halter Top,756,0,756,S,3
ORD100458,03-06-2026,36147207,V-Neck Wrap Draped Top,SZN,Wrap Top,368,66,368,XXL,3
ORD100459,03-06-2026,36147207,V-Neck Wrap Draped Top,SZN,Wrap Top,404,66,404,M,3
ORD100460,16-05-2026,41420655,Ribbed Cotton Vest Top,H&M,Sleeveless Top,384,55,384,M,1
ORD100461,14-05-2026,32548904,Tie-Up Fitted Crop Top,glitchez,Crop Top,296,60,296,XL,1
ORD100462,02-06-2026,32713027,Floral Printed Empire Top,QUIERO,Floral Top,647,69,647,S,2
ORD100463,21-05-2026,41893855,Cotton Halterneck Top,H&M,Halter Top,753,0,753,L,2
ORD100464,06-06-2026,36808299,Women Peplum Top,ZYNG,Peplum Top,445,67,445,S,3
ORD100465,06-06-2026,27373772,Crepe Shirt Style Top,DL Woman,Shirt Style Top,492,81,492,L,1
ORD100466,23-05-2026,36731315,Sweetheart Neck Cotton Crop Top,Burgstudio9,Crop Top,403,60,403,M,2
ORD100467,16-05-2026,41893855,Cotton Halterneck Top,H&M,Halter Top,714,0,714,S,2
ORD100468,24-05-2026,36147207,V-Neck Wrap Draped Top,SZN,Wrap Top,410,66,410,L,2
ORD100469,25-05-2026,41893855,Cotton Halterneck Top,H&M,Halter Top,736,0,736,L,1
ORD100470,16-05-2026,41420655,Ribbed Cotton Vest Top,H&M,Sleeveless Top,392,55,392,M,2
ORD100471,26-05-2026,32548904,Tie-Up Fitted Crop Top,glitchez,Crop Top,289,60,289,M,1
ORD100472,01-06-2026,41893855,Cotton Halterneck Top,H&M,Halter Top,711,0,711,L,3
ORD100473,25-05-2026,36808299,Women Peplum Top,ZYNG,Peplum Top,458,67,458,L,1
ORD100474,28-05-2026,41420655,Ribbed Cotton Vest Top,H&M,Sleeveless Top,334,55,334,S,1
ORD100475,10-06-2026,32713027,Floral Printed Empire Top,QUIERO,Floral Top,695,69,695,M,2
ORD100476,09-06-2026,41893855,Cotton Halterneck Top,H&M,Halter Top,668,0,668,S,3
ORD100477,01-06-2026,27373772,Crepe Shirt Style Top,DL Woman,Shirt Style Top,579,81,579,S,2
ORD100478,31-05-2026,36147207,V-Neck Wrap Draped Top,SZN,Wrap Top,375,66,375,M,3
ORD100479,30-05-2026,36808299,Women Peplum Top,ZYNG,Peplum Top,498,67,498,S,3
ORD100480,04-06-2026,33822490,Checked Cotton Top,Roadster,Casual Top,601,69,601,M,3
ORD100481,13-05-2026,33822490,Checked Cotton Top,Roadster,Casual Top,593,69,593,XS,1
ORD100482,01-06-2026,36731315,Sweetheart Neck Cotton Crop Top,Burgstudio9,Crop Top,420,60,420,S,2
ORD100483,05-06-2026,27373772,Crepe Shirt Style Top,DL Woman,Shirt Style Top,538,81,538,M,1
ORD100484,27-05-2026,36731315,Sweetheart Neck Cotton Crop Top,Burgstudio9,Crop Top,430,60,430,M,2
ORD100485,27-05-2026,36147207,V-Neck Wrap Draped Top,SZN,Wrap Top,353,66,353,L,3
ORD100486,21-05-2026,37531587,Ethnic Cotton Top,KALAMIR,Ethnic Top,723,68,723,L,1
ORD100487,26-05-2026,36808299,Women Peplum Top,ZYNG,Peplum Top,450,67,450,M,1
ORD100488,31-05-2026,32713027,Floral Printed Empire Top,QUIERO,Floral Top,620,69,620,L,2
ORD100489,04-06-2026,32713027,Floral Printed Empire Top,QUIERO,Floral Top,733,69,733,M,1
ORD100490,16-05-2026,37531587,Ethnic Cotton Top,KALAMIR,Ethnic Top,768,68,768,M,2
ORD100491,22-05-2026,41420655,Ribbed Cotton Vest Top,H&M,Sleeveless Top,340,55,340,S,1
ORD100492,19-05-2026,32548904,Tie-Up Fitted Crop Top,glitchez,Crop Top,258,60,258,S,2
ORD100493,08-06-2026,37531587,Ethnic Cotton Top,KALAMIR,Ethnic Top,746,68,746,S,2
ORD100494,07-06-2026,36808299,Women Peplum Top,ZYNG,Peplum Top,442,67,442,M,1
ORD100495,18-05-2026,32713027,Floral Printed Empire Top,QUIERO,Floral Top,703,69,703,M,2
ORD100496,26-05-2026,41893855,Cotton Halterneck Top,H&M,Halter Top,698,0,698,S,3
ORD100497,14-05-2026,36731315,Sweetheart Neck Cotton Crop Top,Burgstudio9,Crop Top,434,60,434,M,1
ORD100498,18-05-2026,27373772,Crepe Shirt Style Top,DL Woman,Shirt Style Top,539,81,539,S,1
ORD100499,27-05-2026,36147207,V-Neck Wrap Draped Top,SZN,Wrap Top,380,66,380,L,3
ORD100500,21-05-2026,32548904,Tie-Up Fitted Crop Top,glitchez,Crop Top,281,60,281,L,1
